entity_id,state,last_changed
sensor.heating_curve_optimizer_heating_curve_offset,0.0,2025-12-12T23:00:00.000Z
sensor.heating_curve_optimizer_heating_curve_offset,1.0,2025-12-13T00:00:00.029Z
sensor.heating_curve_optimizer_heating_curve_offset,-1.0,2025-12-13T00:00:06.787Z
sensor.heating_curve_optimizer_heating_curve_offset,0.0,2025-12-13T00:00:08.930Z
sensor.heating_curve_optimizer_heating_curve_offset,1.0,2025-12-13T03:00:00.027Z
sensor.heating_curve_optimizer_heating_curve_offset,-1.0,2025-12-13T03:00:07.963Z
sensor.heating_curve_optimizer_heating_curve_offset,0.0,2025-12-13T03:00:07.972Z
sensor.heating_curve_optimizer_heating_curve_offset,1.0,2025-12-13T04:00:08.820Z
sensor.heating_curve_optimizer_heating_curve_offset,-1.0,2025-12-13T04:00:10.177Z
sensor.heating_curve_optimizer_heating_curve_offset,1.0,2025-12-13T04:00:35.312Z
sensor.heating_curve_optimizer_heating_curve_offset,-1.0,2025-12-13T04:00:35.376Z
sensor.heating_curve_optimizer_heating_curve_offset,1.0,2025-12-13T04:01:05.344Z
sensor.heating_curve_optimizer_heating_curve_offset,-1.0,2025-12-13T04:01:35.364Z
sensor.heating_curve_optimizer_heating_curve_offset,1.0,2025-12-13T04:02:05.347Z
sensor.heating_curve_optimizer_heating_curve_offset,-1.0,2025-12-13T04:02:35.363Z
sensor.heating_curve_optimizer_heating_curve_offset,1.0,2025-12-13T04:03:05.328Z
sensor.heating_curve_optimizer_heating_curve_offset,-1.0,2025-12-13T04:03:35.323Z
sensor.heating_curve_optimizer_heating_curve_offset,1.0,2025-12-13T04:04:05.301Z
sensor.heating_curve_optimizer_heating_curve_offset,-1.0,2025-12-13T04:04:05.350Z
sensor.heating_curve_optimizer_heating_curve_offset,1.0,2025-12-13T04:04:35.350Z
sensor.heating_curve_optimizer_heating_curve_offset,-1.0,2025-12-13T04:05:05.306Z
sensor.heating_curve_optimizer_heating_curve_offset,1.0,2025-12-13T04:05:05.346Z
sensor.heating_curve_optimizer_heating_curve_offset,-1.0,2025-12-13T04:05:35.363Z
sensor.heating_curve_optimizer_heating_curve_offset,1.0,2025-12-13T04:06:05.348Z
sensor.heating_curve_optimizer_heating_curve_offset,-1.0,2025-12-13T04:06:35.329Z
sensor.heating_curve_optimizer_heating_curve_offset,1.0,2025-12-13T04:07:05.324Z
sensor.heating_curve_optimizer_heating_curve_offset,-1.0,2025-12-13T04:07:05.343Z
sensor.heating_curve_optimizer_heating_curve_offset,1.0,2025-12-13T04:07:35.333Z
sensor.heating_curve_optimizer_heating_curve_offset,-1.0,2025-12-13T04:08:05.399Z
sensor.heating_curve_optimizer_heating_curve_offset,1.0,2025-12-13T04:08:35.425Z
sensor.heating_curve_optimizer_heating_curve_offset,-1.0,2025-12-13T04:09:05.357Z
sensor.heating_curve_optimizer_heating_curve_offset,1.0,2025-12-13T04:09:35.331Z
sensor.heating_curve_optimizer_heating_curve_offset,-1.0,2025-12-13T04:09:35.373Z
sensor.heating_curve_optimizer_heating_curve_offset,1.0,2025-12-13T04:10:08.794Z
sensor.heating_curve_optimizer_heating_curve_offset,-1.0,2025-12-13T04:10:35.293Z
sensor.heating_curve_optimizer_heating_curve_offset,1.0,2025-12-13T04:10:35.329Z
sensor.heating_curve_optimizer_heating_curve_offset,-1.0,2025-12-13T04:11:05.344Z
sensor.heating_curve_optimizer_heating_curve_offset,1.0,2025-12-13T04:11:35.320Z
sensor.heating_curve_optimizer_heating_curve_offset,-1.0,2025-12-13T04:11:35.364Z
sensor.heating_curve_optimizer_heating_curve_offset,1.0,2025-12-13T04:12:05.366Z
sensor.heating_curve_optimizer_heating_curve_offset,-1.0,2025-12-13T04:12:35.325Z
sensor.heating_curve_optimizer_heating_curve_offset,1.0,2025-12-13T04:12:35.368Z
sensor.heating_curve_optimizer_heating_curve_offset,-1.0,2025-12-13T04:13:05.368Z
sensor.heating_curve_optimizer_heating_curve_offset,1.0,2025-12-13T04:13:35.382Z
sensor.heating_curve_optimizer_heating_curve_offset,-1.0,2025-12-13T04:14:05.424Z
sensor.heating_curve_optimizer_heating_curve_offset,1.0,2025-12-13T04:14:35.388Z
sensor.heating_curve_optimizer_heating_curve_offset,-1.0,2025-12-13T04:15:05.338Z
sensor.heating_curve_optimizer_heating_curve_offset,1.0,2025-12-13T04:15:05.360Z
sensor.heating_curve_optimizer_heating_curve_offset,-1.0,2025-12-13T04:15:05.385Z
sensor.heating_curve_optimizer_heating_curve_offset,1.0,2025-12-13T04:15:35.395Z
sensor.heating_curve_optimizer_heating_curve_offset,-1.0,2025-12-13T04:16:05.361Z
sensor.heating_curve_optimizer_heating_curve_offset,1.0,2025-12-13T04:16:35.318Z
sensor.heating_curve_optimizer_heating_curve_offset,-1.0,2025-12-13T04:16:35.368Z
sensor.heating_curve_optimizer_heating_curve_offset,1.0,2025-12-13T04:17:05.383Z
sensor.heating_curve_optimizer_heating_curve_offset,-1.0,2025-12-13T04:17:35.323Z
sensor.heating_curve_optimizer_heating_curve_offset,1.0,2025-12-13T04:17:35.372Z
sensor.heating_curve_optimizer_heating_curve_offset,-1.0,2025-12-13T04:18:05.504Z
sensor.heating_curve_optimizer_heating_curve_offset,1.0,2025-12-13T04:18:35.385Z
sensor.heating_curve_optimizer_heating_curve_offset,-1.0,2025-12-13T04:19:05.351Z
sensor.heating_curve_optimizer_heating_curve_offset,1.0,2025-12-13T04:19:35.344Z
sensor.heating_curve_optimizer_heating_curve_offset,-1.0,2025-12-13T04:20:07.113Z
sensor.heating_curve_optimizer_heating_curve_offset,1.0,2025-12-13T04:20:35.400Z
sensor.heating_curve_optimizer_heating_curve_offset,-1.0,2025-12-13T04:21:05.375Z
sensor.heating_curve_optimizer_heating_curve_offset,1.0,2025-12-13T04:21:35.386Z
sensor.heating_curve_optimizer_heating_curve_offset,-1.0,2025-12-13T04:22:05.333Z
sensor.heating_curve_optimizer_heating_curve_offset,1.0,2025-12-13T04:22:05.376Z
sensor.heating_curve_optimizer_heating_curve_offset,-1.0,2025-12-13T04:22:35.361Z
sensor.heating_curve_optimizer_heating_curve_offset,1.0,2025-12-13T04:23:05.374Z
sensor.heating_curve_optimizer_heating_curve_offset,-1.0,2025-12-13T04:23:35.411Z
sensor.heating_curve_optimizer_heating_curve_offset,1.0,2025-12-13T04:24:05.358Z
sensor.heating_curve_optimizer_heating_curve_offset,-1.0,2025-12-13T04:24:05.381Z
sensor.heating_curve_optimizer_heating_curve_offset,1.0,2025-12-13T04:24:35.379Z
sensor.heating_curve_optimizer_heating_curve_offset,-1.0,2025-12-13T04:25:05.361Z
sensor.heating_curve_optimizer_heating_curve_offset,1.0,2025-12-13T04:25:35.391Z
sensor.heating_curve_optimizer_heating_curve_offset,-1.0,2025-12-13T04:26:05.359Z
sensor.heating_curve_optimizer_heating_curve_offset,1.0,2025-12-13T04:26:35.376Z
sensor.heating_curve_optimizer_heating_curve_offset,-1.0,2025-12-13T04:27:05.355Z
sensor.heating_curve_optimizer_heating_curve_offset,1.0,2025-12-13T04:27:35.360Z
sensor.heating_curve_optimizer_heating_curve_offset,-1.0,2025-12-13T04:28:05.378Z
sensor.heating_curve_optimizer_heating_curve_offset,1.0,2025-12-13T04:28:35.355Z
sensor.heating_curve_optimizer_heating_curve_offset,-1.0,2025-12-13T04:29:05.354Z
sensor.heating_curve_optimizer_heating_curve_offset,1.0,2025-12-13T04:29:35.365Z
sensor.heating_curve_optimizer_heating_curve_offset,-1.0,2025-12-13T04:30:09.116Z
sensor.heating_curve_optimizer_heating_curve_offset,1.0,2025-12-13T04:30:35.417Z
sensor.heating_curve_optimizer_heating_curve_offset,-1.0,2025-12-13T04:31:05.374Z
sensor.heating_curve_optimizer_heating_curve_offset,1.0,2025-12-13T04:31:35.396Z
sensor.heating_curve_optimizer_heating_curve_offset,-1.0,2025-12-13T04:32:05.385Z
sensor.heating_curve_optimizer_heating_curve_offset,1.0,2025-12-13T04:32:35.380Z
sensor.heating_curve_optimizer_heating_curve_offset,-1.0,2025-12-13T04:33:05.410Z
sensor.heating_curve_optimizer_heating_curve_offset,1.0,2025-12-13T04:33:35.358Z
sensor.heating_curve_optimizer_heating_curve_offset,-1.0,2025-12-13T04:34:05.475Z
sensor.heating_curve_optimizer_heating_curve_offset,1.0,2025-12-13T04:34:35.402Z
sensor.heating_curve_optimizer_heating_curve_offset,-1.0,2025-12-13T04:35:05.443Z
sensor.heating_curve_optimizer_heating_curve_offset,1.0,2025-12-13T04:35:35.405Z
sensor.heating_curve_optimizer_heating_curve_offset,-1.0,2025-12-13T04:36:05.397Z
sensor.heating_curve_optimizer_heating_curve_offset,1.0,2025-12-13T04:36:05.417Z
sensor.heating_curve_optimizer_heating_curve_offset,-1.0,2025-12-13T04:36:35.384Z
sensor.heating_curve_optimizer_heating_curve_offset,1.0,2025-12-13T04:37:05.366Z
sensor.heating_curve_optimizer_heating_curve_offset,-1.0,2025-12-13T04:37:35.360Z
sensor.heating_curve_optimizer_heating_curve_offset,1.0,2025-12-13T04:38:05.344Z
sensor.heating_curve_optimizer_heating_curve_offset,-1.0,2025-12-13T04:38:05.377Z
sensor.heating_curve_optimizer_heating_curve_offset,1.0,2025-12-13T04:38:35.397Z
sensor.heating_curve_optimizer_heating_curve_offset,-1.0,2025-12-13T04:39:05.333Z
sensor.heating_curve_optimizer_heating_curve_offset,1.0,2025-12-13T04:39:05.368Z
sensor.heating_curve_optimizer_heating_curve_offset,-1.0,2025-12-13T04:39:35.370Z
sensor.heating_curve_optimizer_heating_curve_offset,1.0,2025-12-13T04:40:07.258Z
sensor.heating_curve_optimizer_heating_curve_offset,-1.0,2025-12-13T04:40:35.391Z
sensor.heating_curve_optimizer_heating_curve_offset,1.0,2025-12-13T04:41:05.382Z
sensor.heating_curve_optimizer_heating_curve_offset,-1.0,2025-12-13T04:41:35.341Z
sensor.heating_curve_optimizer_heating_curve_offset,1.0,2025-12-13T04:41:35.374Z
sensor.heating_curve_optimizer_heating_curve_offset,-1.0,2025-12-13T04:42:05.374Z
sensor.heating_curve_optimizer_heating_curve_offset,0.0,2025-12-13T04:42:35.338Z
sensor.heating_curve_optimizer_heating_curve_offset,1.0,2025-12-13T04:44:35.334Z
sensor.heating_curve_optimizer_heating_curve_offset,-1.0,2025-12-13T04:44:35.373Z
sensor.heating_curve_optimizer_heating_curve_offset,1.0,2025-12-13T04:45:05.356Z
sensor.heating_curve_optimizer_heating_curve_offset,-1.0,2025-12-13T04:45:05.379Z
sensor.heating_curve_optimizer_heating_curve_offset,1.0,2025-12-13T04:45:35.374Z
sensor.heating_curve_optimizer_heating_curve_offset,-1.0,2025-12-13T04:46:05.391Z
sensor.heating_curve_optimizer_heating_curve_offset,1.0,2025-12-13T04:46:35.374Z
sensor.heating_curve_optimizer_heating_curve_offset,-1.0,2025-12-13T04:47:05.380Z
sensor.heating_curve_optimizer_heating_curve_offset,1.0,2025-12-13T04:47:35.374Z
sensor.heating_curve_optimizer_heating_curve_offset,-1.0,2025-12-13T04:48:05.377Z
sensor.heating_curve_optimizer_heating_curve_offset,1.0,2025-12-13T04:48:35.390Z
sensor.heating_curve_optimizer_heating_curve_offset,-1.0,2025-12-13T04:49:05.384Z
sensor.heating_curve_optimizer_heating_curve_offset,1.0,2025-12-13T04:49:35.364Z
sensor.heating_curve_optimizer_heating_curve_offset,-1.0,2025-12-13T04:49:35.411Z
sensor.heating_curve_optimizer_heating_curve_offset,1.0,2025-12-13T04:50:06.398Z
sensor.heating_curve_optimizer_heating_curve_offset,-1.0,2025-12-13T04:50:35.347Z
sensor.heating_curve_optimizer_heating_curve_offset,1.0,2025-12-13T04:50:35.384Z
sensor.heating_curve_optimizer_heating_curve_offset,-1.0,2025-12-13T04:51:05.426Z
sensor.heating_curve_optimizer_heating_curve_offset,1.0,2025-12-13T04:51:35.445Z
sensor.heating_curve_optimizer_heating_curve_offset,-1.0,2025-12-13T04:52:05.428Z
sensor.heating_curve_optimizer_heating_curve_offset,1.0,2025-12-13T04:52:35.386Z
sensor.heating_curve_optimizer_heating_curve_offset,-1.0,2025-12-13T04:53:05.394Z
sensor.heating_curve_optimizer_heating_curve_offset,1.0,2025-12-13T04:53:35.411Z
sensor.heating_curve_optimizer_heating_curve_offset,-1.0,2025-12-13T04:54:05.367Z
sensor.heating_curve_optimizer_heating_curve_offset,1.0,2025-12-13T04:54:05.405Z
sensor.heating_curve_optimizer_heating_curve_offset,-1.0,2025-12-13T04:54:35.406Z
sensor.heating_curve_optimizer_heating_curve_offset,1.0,2025-12-13T04:55:05.434Z
sensor.heating_curve_optimizer_heating_curve_offset,-1.0,2025-12-13T04:55:35.396Z
sensor.heating_curve_optimizer_heating_curve_offset,1.0,2025-12-13T04:56:05.434Z
sensor.heating_curve_optimizer_heating_curve_offset,-1.0,2025-12-13T04:56:35.398Z
sensor.heating_curve_optimizer_heating_curve_offset,1.0,2025-12-13T04:57:05.409Z
sensor.heating_curve_optimizer_heating_curve_offset,-1.0,2025-12-13T04:57:35.363Z
sensor.heating_curve_optimizer_heating_curve_offset,1.0,2025-12-13T04:57:35.402Z
sensor.heating_curve_optimizer_heating_curve_offset,-1.0,2025-12-13T04:58:05.456Z
sensor.heating_curve_optimizer_heating_curve_offset,1.0,2025-12-13T04:58:35.378Z
sensor.heating_curve_optimizer_heating_curve_offset,-1.0,2025-12-13T04:58:35.412Z
sensor.heating_curve_optimizer_heating_curve_offset,0.0,2025-12-13T04:59:05.408Z
sensor.heating_curve_optimizer_heating_curve_offset,1.0,2025-12-13T12:00:29.815Z
sensor.heating_curve_optimizer_heating_curve_offset,0.0,2025-12-13T12:00:29.821Z
sensor.heating_curve_optimizer_heating_curve_offset,unavailable,2025-12-13T14:43:00.860Z
sensor.heating_curve_optimizer_heating_curve_offset,0.0,2025-12-13T14:43:01.563Z
sensor.heating_curve_optimizer_heating_curve_offset,unavailable,2025-12-13T19:12:28.005Z
sensor.heating_curve_optimizer_heating_curve_offset,0.0,2025-12-13T19:12:47.705Z
sensor.heating_curve_optimizer_heating_curve_offset,1.0,2025-12-13T21:00:00.033Z
sensor.heating_curve_optimizer_heating_curve_offset,-1.0,2025-12-13T21:00:27.187Z
sensor.heating_curve_optimizer_heating_curve_offset,1.0,2025-12-13T21:00:57.148Z
sensor.heating_curve_optimizer_heating_curve_offset,-1.0,2025-12-13T21:00:57.186Z
sensor.heating_curve_optimizer_heating_curve_offset,1.0,2025-12-13T21:01:27.228Z
sensor.heating_curve_optimizer_heating_curve_offset,-1.0,2025-12-13T21:01:57.197Z
sensor.heating_curve_optimizer_heating_curve_offset,1.0,2025-12-13T21:02:27.196Z
sensor.heating_curve_optimizer_heating_curve_offset,-1.0,2025-12-13T21:02:57.205Z
sensor.heating_curve_optimizer_heating_curve_offset,1.0,2025-12-13T21:03:27.209Z
sensor.heating_curve_optimizer_heating_curve_offset,-1.0,2025-12-13T21:03:57.204Z
sensor.heating_curve_optimizer_heating_curve_offset,1.0,2025-12-13T21:04:27.213Z
sensor.heating_curve_optimizer_heating_curve_offset,-1.0,2025-12-13T21:04:57.219Z
sensor.heating_curve_optimizer_heating_curve_offset,1.0,2025-12-13T21:05:27.197Z
sensor.heating_curve_optimizer_heating_curve_offset,-1.0,2025-12-13T21:05:57.186Z
sensor.heating_curve_optimizer_heating_curve_offset,1.0,2025-12-13T21:06:27.232Z
sensor.heating_curve_optimizer_heating_curve_offset,-1.0,2025-12-13T21:06:57.218Z
sensor.heating_curve_optimizer_heating_curve_offset,1.0,2025-12-13T21:07:27.182Z
sensor.heating_curve_optimizer_heating_curve_offset,-1.0,2025-12-13T21:07:27.208Z
sensor.heating_curve_optimizer_heating_curve_offset,1.0,2025-12-13T21:07:57.194Z
sensor.heating_curve_optimizer_heating_curve_offset,-1.0,2025-12-13T21:08:27.137Z
sensor.heating_curve_optimizer_heating_curve_offset,1.0,2025-12-13T21:08:27.174Z
sensor.heating_curve_optimizer_heating_curve_offset,-1.0,2025-12-13T21:08:57.244Z
sensor.heating_curve_optimizer_heating_curve_offset,1.0,2025-12-13T21:09:27.180Z
sensor.heating_curve_optimizer_heating_curve_offset,-1.0,2025-12-13T21:09:57.195Z
sensor.heating_curve_optimizer_heating_curve_offset,1.0,2025-12-13T21:10:27.185Z
sensor.heating_curve_optimizer_heating_curve_offset,-1.0,2025-12-13T21:10:57.228Z
sensor.heating_curve_optimizer_heating_curve_offset,1.0,2025-12-13T21:11:27.246Z
sensor.heating_curve_optimizer_heating_curve_offset,-1.0,2025-12-13T21:11:57.175Z
sensor.heating_curve_optimizer_heating_curve_offset,1.0,2025-12-13T21:12:27.157Z
sensor.heating_curve_optimizer_heating_curve_offset,-1.0,2025-12-13T21:12:27.183Z
sensor.heating_curve_optimizer_heating_curve_offset,1.0,2025-12-13T21:12:57.175Z
sensor.heating_curve_optimizer_heating_curve_offset,-1.0,2025-12-13T21:13:27.146Z
sensor.heating_curve_optimizer_heating_curve_offset,1.0,2025-12-13T21:13:27.176Z
sensor.heating_curve_optimizer_heating_curve_offset,-1.0,2025-12-13T21:13:57.198Z
sensor.heating_curve_optimizer_heating_curve_offset,1.0,2025-12-13T21:14:27.218Z
sensor.heating_curve_optimizer_heating_curve_offset,-1.0,2025-12-13T21:14:57.218Z
sensor.heating_curve_optimizer_heating_curve_offset,1.0,2025-12-13T21:15:27.212Z
sensor.heating_curve_optimizer_heating_curve_offset,-1.0,2025-12-13T21:15:57.193Z
sensor.heating_curve_optimizer_heating_curve_offset,1.0,2025-12-13T21:16:27.178Z
sensor.heating_curve_optimizer_heating_curve_offset,-1.0,2025-12-13T21:16:57.180Z
sensor.heating_curve_optimizer_heating_curve_offset,1.0,2025-12-13T21:16:57.206Z
sensor.heating_curve_optimizer_heating_curve_offset,-1.0,2025-12-13T21:17:27.199Z
sensor.heating_curve_optimizer_heating_curve_offset,1.0,2025-12-13T21:17:57.201Z
sensor.heating_curve_optimizer_heating_curve_offset,-1.0,2025-12-13T21:18:27.194Z
sensor.heating_curve_optimizer_heating_curve_offset,1.0,2025-12-13T21:18:57.171Z
sensor.heating_curve_optimizer_heating_curve_offset,-1.0,2025-12-13T21:18:57.194Z
sensor.heating_curve_optimizer_heating_curve_offset,1.0,2025-12-13T21:19:27.185Z
sensor.heating_curve_optimizer_heating_curve_offset,-1.0,2025-12-13T21:19:57.158Z
sensor.heating_curve_optimizer_heating_curve_offset,1.0,2025-12-13T21:19:57.188Z
sensor.heating_curve_optimizer_heating_curve_offset,-1.0,2025-12-13T21:20:27.214Z
sensor.heating_curve_optimizer_heating_curve_offset,1.0,2025-12-13T21:20:57.223Z
sensor.heating_curve_optimizer_heating_curve_offset,-1.0,2025-12-13T21:21:27.202Z
sensor.heating_curve_optimizer_heating_curve_offset,1.0,2025-12-13T21:21:57.225Z
sensor.heating_curve_optimizer_heating_curve_offset,-1.0,2025-12-13T21:22:27.192Z
sensor.heating_curve_optimizer_heating_curve_offset,1.0,2025-12-13T21:22:57.196Z
sensor.heating_curve_optimizer_heating_curve_offset,-1.0,2025-12-13T21:23:27.189Z
sensor.heating_curve_optimizer_heating_curve_offset,1.0,2025-12-13T21:23:27.208Z
sensor.heating_curve_optimizer_heating_curve_offset,-1.0,2025-12-13T21:23:57.191Z
sensor.heating_curve_optimizer_heating_curve_offset,1.0,2025-12-13T21:24:27.158Z
sensor.heating_curve_optimizer_heating_curve_offset,-1.0,2025-12-13T21:24:27.191Z
sensor.heating_curve_optimizer_heating_curve_offset,1.0,2025-12-13T21:24:57.222Z
sensor.heating_curve_optimizer_heating_curve_offset,-1.0,2025-12-13T21:25:27.172Z
sensor.heating_curve_optimizer_heating_curve_offset,1.0,2025-12-13T21:25:27.200Z
sensor.heating_curve_optimizer_heating_curve_offset,-1.0,2025-12-13T21:25:57.207Z
sensor.heating_curve_optimizer_heating_curve_offset,1.0,2025-12-13T21:26:27.173Z
sensor.heating_curve_optimizer_heating_curve_offset,-1.0,2025-12-13T21:26:27.201Z
sensor.heating_curve_optimizer_heating_curve_offset,1.0,2025-12-13T21:26:57.219Z
sensor.heating_curve_optimizer_heating_curve_offset,-1.0,2025-12-13T21:27:27.197Z
sensor.heating_curve_optimizer_heating_curve_offset,1.0,2025-12-13T21:27:57.220Z
sensor.heating_curve_optimizer_heating_curve_offset,-1.0,2025-12-13T21:28:27.260Z
sensor.heating_curve_optimizer_heating_curve_offset,1.0,2025-12-13T21:28:57.242Z
sensor.heating_curve_optimizer_heating_curve_offset,-1.0,2025-12-13T21:29:27.242Z
sensor.heating_curve_optimizer_heating_curve_offset,1.0,2025-12-13T21:29:57.230Z
sensor.heating_curve_optimizer_heating_curve_offset,-1.0,2025-12-13T21:30:27.236Z
sensor.heating_curve_optimizer_heating_curve_offset,1.0,2025-12-13T21:30:57.208Z
sensor.heating_curve_optimizer_heating_curve_offset,-1.0,2025-12-13T21:31:27.285Z
sensor.heating_curve_optimizer_heating_curve_offset,1.0,2025-12-13T21:31:57.206Z
sensor.heating_curve_optimizer_heating_curve_offset,-1.0,2025-12-13T21:31:57.243Z
sensor.heating_curve_optimizer_heating_curve_offset,1.0,2025-12-13T21:32:27.231Z
sensor.heating_curve_optimizer_heating_curve_offset,-1.0,2025-12-13T21:32:57.173Z
sensor.heating_curve_optimizer_heating_curve_offset,1.0,2025-12-13T21:32:57.213Z
sensor.heating_curve_optimizer_heating_curve_offset,-1.0,2025-12-13T21:33:27.274Z
sensor.heating_curve_optimizer_heating_curve_offset,1.0,2025-12-13T21:33:57.260Z
sensor.heating_curve_optimizer_heating_curve_offset,-1.0,2025-12-13T21:34:27.240Z
sensor.heating_curve_optimizer_heating_curve_offset,1.0,2025-12-13T21:34:57.253Z
sensor.heating_curve_optimizer_heating_curve_offset,-1.0,2025-12-13T21:35:27.212Z
sensor.heating_curve_optimizer_heating_curve_offset,1.0,2025-12-13T21:35:57.219Z
sensor.heating_curve_optimizer_heating_curve_offset,-1.0,2025-12-13T21:35:57.264Z
sensor.heating_curve_optimizer_heating_curve_offset,1.0,2025-12-13T21:36:27.242Z
sensor.heating_curve_optimizer_heating_curve_offset,-1.0,2025-12-13T21:36:57.205Z
sensor.heating_curve_optimizer_heating_curve_offset,1.0,2025-12-13T21:36:57.243Z
sensor.heating_curve_optimizer_heating_curve_offset,-1.0,2025-12-13T21:37:27.241Z
sensor.heating_curve_optimizer_heating_curve_offset,1.0,2025-12-13T21:37:57.181Z
sensor.heating_curve_optimizer_heating_curve_offset,-1.0,2025-12-13T21:37:57.214Z
sensor.heating_curve_optimizer_heating_curve_offset,1.0,2025-12-13T21:38:27.232Z
sensor.heating_curve_optimizer_heating_curve_offset,-1.0,2025-12-13T21:38:57.259Z
sensor.heating_curve_optimizer_heating_curve_offset,1.0,2025-12-13T21:39:27.212Z
sensor.heating_curve_optimizer_heating_curve_offset,-1.0,2025-12-13T21:39:27.234Z
sensor.heating_curve_optimizer_heating_curve_offset,1.0,2025-12-13T21:39:57.262Z
sensor.heating_curve_optimizer_heating_curve_offset,-1.0,2025-12-13T21:40:27.231Z
sensor.heating_curve_optimizer_heating_curve_offset,1.0,2025-12-13T21:40:57.226Z
sensor.heating_curve_optimizer_heating_curve_offset,-1.0,2025-12-13T21:41:27.201Z
sensor.heating_curve_optimizer_heating_curve_offset,1.0,2025-12-13T21:41:27.226Z
sensor.heating_curve_optimizer_heating_curve_offset,-1.0,2025-12-13T21:41:57.268Z
sensor.heating_curve_optimizer_heating_curve_offset,1.0,2025-12-13T21:42:27.311Z
sensor.heating_curve_optimizer_heating_curve_offset,-1.0,2025-12-13T21:42:57.326Z
sensor.heating_curve_optimizer_heating_curve_offset,1.0,2025-12-13T21:43:27.267Z
sensor.heating_curve_optimizer_heating_curve_offset,-1.0,2025-12-13T21:43:27.297Z
sensor.heating_curve_optimizer_heating_curve_offset,1.0,2025-12-13T21:43:57.282Z
sensor.heating_curve_optimizer_heating_curve_offset,-1.0,2025-12-13T21:44:27.220Z
sensor.heating_curve_optimizer_heating_curve_offset,1.0,2025-12-13T21:44:27.256Z
sensor.heating_curve_optimizer_heating_curve_offset,-1.0,2025-12-13T21:44:57.304Z
sensor.heating_curve_optimizer_heating_curve_offset,1.0,2025-12-13T21:45:27.306Z
sensor.heating_curve_optimizer_heating_curve_offset,-1.0,2025-12-13T21:45:57.233Z
sensor.heating_curve_optimizer_heating_curve_offset,1.0,2025-12-13T21:46:27.280Z
sensor.heating_curve_optimizer_heating_curve_offset,-1.0,2025-12-13T21:46:57.260Z
sensor.heating_curve_optimizer_heating_curve_offset,1.0,2025-12-13T21:47:27.349Z
sensor.heating_curve_optimizer_heating_curve_offset,-1.0,2025-12-13T21:47:57.382Z
sensor.heating_curve_optimizer_heating_curve_offset,1.0,2025-12-13T21:47:57.402Z
sensor.heating_curve_optimizer_heating_curve_offset,-1.0,2025-12-13T21:48:27.399Z
sensor.heating_curve_optimizer_heating_curve_offset,1.0,2025-12-13T21:48:57.369Z
sensor.heating_curve_optimizer_heating_curve_offset,-1.0,2025-12-13T21:48:57.385Z
sensor.heating_curve_optimizer_heating_curve_offset,1.0,2025-12-13T21:49:27.343Z
sensor.heating_curve_optimizer_heating_curve_offset,-1.0,2025-12-13T21:49:57.363Z
sensor.heating_curve_optimizer_heating_curve_offset,1.0,2025-12-13T21:50:27.334Z
sensor.heating_curve_optimizer_heating_curve_offset,-1.0,2025-12-13T21:50:57.323Z
sensor.heating_curve_optimizer_heating_curve_offset,1.0,2025-12-13T21:51:27.362Z
sensor.heating_curve_optimizer_heating_curve_offset,-1.0,2025-12-13T21:51:57.359Z
sensor.heating_curve_optimizer_heating_curve_offset,1.0,2025-12-13T21:52:27.391Z
sensor.heating_curve_optimizer_heating_curve_offset,-1.0,2025-12-13T21:52:57.344Z
sensor.heating_curve_optimizer_heating_curve_offset,1.0,2025-12-13T21:53:27.383Z
sensor.heating_curve_optimizer_heating_curve_offset,-1.0,2025-12-13T21:53:57.324Z
sensor.heating_curve_optimizer_heating_curve_offset,1.0,2025-12-13T21:54:27.343Z
sensor.heating_curve_optimizer_heating_curve_offset,-1.0,2025-12-13T21:54:57.326Z
sensor.heating_curve_optimizer_heating_curve_offset,1.0,2025-12-13T21:55:27.371Z
sensor.heating_curve_optimizer_heating_curve_offset,-1.0,2025-12-13T21:55:57.377Z
sensor.heating_curve_optimizer_heating_curve_offset,1.0,2025-12-13T21:56:27.427Z
sensor.heating_curve_optimizer_heating_curve_offset,-1.0,2025-12-13T21:56:57.463Z
sensor.heating_curve_optimizer_heating_curve_offset,1.0,2025-12-13T21:57:27.503Z
sensor.heating_curve_optimizer_heating_curve_offset,-1.0,2025-12-13T21:57:57.370Z
sensor.heating_curve_optimizer_heating_curve_offset,1.0,2025-12-13T21:58:27.405Z
sensor.heating_curve_optimizer_heating_curve_offset,-1.0,2025-12-13T21:58:57.370Z
sensor.heating_curve_optimizer_heating_curve_offset,1.0,2025-12-13T21:59:27.371Z
sensor.heating_curve_optimizer_heating_curve_offset,-1.0,2025-12-13T21:59:57.470Z
sensor.heating_curve_optimizer_heating_curve_offset,0.0,2025-12-13T22:00:00.029Z
sensor.heating_curve_optimizer_heating_curve_offset,unavailable,2025-12-14T00:11:38.003Z
sensor.heating_curve_optimizer_heating_curve_offset,0.0,2025-12-14T00:11:57.597Z
sensor.heating_curve_optimizer_heating_curve_offset,1.0,2025-12-14T03:57:58.304Z
sensor.heating_curve_optimizer_heating_curve_offset,-1.0,2025-12-14T03:57:58.334Z
sensor.heating_curve_optimizer_heating_curve_offset,1.0,2025-12-14T03:58:28.339Z
sensor.heating_curve_optimizer_heating_curve_offset,-1.0,2025-12-14T03:58:58.360Z
sensor.heating_curve_optimizer_heating_curve_offset,1.0,2025-12-14T03:58:58.382Z
sensor.heating_curve_optimizer_heating_curve_offset,-1.0,2025-12-14T03:59:28.371Z
sensor.heating_curve_optimizer_heating_curve_offset,1.0,2025-12-14T03:59:58.331Z
sensor.heating_curve_optimizer_heating_curve_offset,-1.0,2025-12-14T04:00:00.047Z
sensor.heating_curve_optimizer_heating_curve_offset,0.0,2025-12-14T04:00:28.350Z
sensor.heating_curve_optimizer_heating_curve_offset,unavailable,2025-12-14T04:01:39.007Z
sensor.heating_curve_optimizer_heating_curve_offset,0.0,2025-12-14T04:01:58.320Z
sensor.heating_curve_optimizer_heating_curve_offset,unavailable,2025-12-14T05:15:09.040Z
sensor.heating_curve_optimizer_heating_curve_offset,0.0,2025-12-14T05:15:28.493Z
sensor.heating_curve_optimizer_heating_curve_offset,unavailable,2025-12-14T08:00:21.018Z
sensor.heating_curve_optimizer_heating_curve_offset,0.0,2025-12-14T08:00:40.513Z
sensor.heating_curve_optimizer_heating_curve_offset,unavailable,2025-12-14T08:03:51.007Z
sensor.heating_curve_optimizer_heating_curve_offset,0.0,2025-12-14T08:04:10.908Z
sensor.heating_curve_optimizer_heating_curve_offset,unavailable,2025-12-14T09:46:03.996Z
sensor.heating_curve_optimizer_heating_curve_offset,0.0,2025-12-14T09:46:23.264Z
sensor.heating_curve_optimizer_heating_curve_offset,unavailable,2025-12-14T10:03:05.992Z
sensor.heating_curve_optimizer_heating_curve_offset,0.0,2025-12-14T10:03:25.335Z
sensor.heating_curve_optimizer_heating_curve_offset,unavailable,2025-12-14T10:04:36.002Z
sensor.heating_curve_optimizer_heating_curve_offset,0.0,2025-12-14T10:04:55.482Z
sensor.heating_curve_optimizer_heating_curve_offset,unavailable,2025-12-14T10:47:08.995Z
sensor.heating_curve_optimizer_heating_curve_offset,0.0,2025-12-14T10:47:28.227Z
sensor.heating_curve_optimizer_heating_curve_offset,1.0,2025-12-14T10:53:58.258Z
sensor.heating_curve_optimizer_heating_curve_offset,0.0,2025-12-14T10:54:28.217Z
sensor.heating_curve_optimizer_heating_curve_offset,2.0,2025-12-14T11:00:28.257Z
sensor.heating_curve_optimizer_heating_curve_offset,0.0,2025-12-14T11:00:28.258Z
sensor.heating_curve_optimizer_heating_curve_offset,2.0,2025-12-14T11:00:28.275Z
sensor.heating_curve_optimizer_heating_curve_offset,1.0,2025-12-14T11:00:28.296Z
sensor.heating_curve_optimizer_heating_curve_offset,2.0,2025-12-14T11:00:58.322Z
sensor.heating_curve_optimizer_heating_curve_offset,0.0,2025-12-14T11:01:28.279Z
sensor.heating_curve_optimizer_heating_curve_offset,1.0,2025-12-14T12:00:29.475Z
sensor.heating_curve_optimizer_heating_curve_offset,0.0,2025-12-14T12:00:29.507Z
